{
  "split": {
    "holdout_years": [
      2025,
      2026
    ],
    "train_rows": 51728,
    "test_rows": 5056
  },
  "overall": {
    "count": 5056.0,
    "accuracy": 0.8217958860759493,
    "precision": 0.7622197721425946,
    "recall": 0.8908934707903781,
    "f1": 0.8215488215488216,
    "roc_auc": 0.902935684791043,
    "log_loss": 0.41491536530504886
  },
  "segments": {
    "by_season": {
      "2025": {
        "count": 4211.0,
        "accuracy": 0.8385181667062456,
        "precision": 0.7943637164244826,
        "recall": 0.8943976202280615,
        "f1": 0.8414179104477612,
        "roc_auc": 0.9170236671067125,
        "log_loss": 0.37048671757658075
      },
      "2026": {
        "count": 845.0,
        "accuracy": 0.7384615384615385,
        "precision": 0.6,
        "recall": 0.8681672025723473,
        "f1": 0.709592641261498,
        "roc_auc": 0.8617092380505076,
        "log_loss": 0.6363225080086933
      }
    },
    "by_surface": {
      "Clay": {
        "count": 1044.0,
        "accuracy": 0.8247126436781609,
        "precision": 0.7557522123893805,
        "recall": 0.9046610169491526,
        "f1": 0.8235294117647058,
        "roc_auc": 0.8929455078819486,
        "log_loss": 0.4431705180934605
      },
      "Grass": {
        "count": 557.0,
        "accuracy": 0.9138240574506283,
        "precision": 0.8809523809523809,
        "recall": 0.9522058823529411,
        "f1": 0.9151943462897526,
        "roc_auc": 0.9724393704850361,
        "log_loss": 0.21057538672835843
      },
      "Hard": {
        "count": 3292.0,
        "accuracy": 0.8150060753341434,
        "precision": 0.7509836987071389,
        "recall": 0.8894806924101198,
        "f1": 0.8143858579701311,
        "roc_auc": 0.9041949653720551,
        "log_loss": 0.41442957778259815
      },
      "Unknown": {
        "count": 163.0,
        "accuracy": 0.6257668711656442,
        "precision": 0.6265060240963856,
        "recall": 0.6341463414634146,
        "f1": 0.6303030303030303,
        "roc_auc": 0.6684733514001807,
        "log_loss": 0.9420208934033472
      }
    },
    "by_season_surface": {
      "2025__Clay": {
        "count": 1044.0,
        "accuracy": 0.8247126436781609,
        "precision": 0.7557522123893805,
        "recall": 0.9046610169491526,
        "f1": 0.8235294117647058,
        "roc_auc": 0.8929455078819486,
        "log_loss": 0.4431705180934605
      },
      "2025__Grass": {
        "count": 557.0,
        "accuracy": 0.9138240574506283,
        "precision": 0.8809523809523809,
        "recall": 0.9522058823529411,
        "f1": 0.9151943462897526,
        "roc_auc": 0.9724393704850361,
        "log_loss": 0.21057538672835843
      },
      "2025__Hard": {
        "count": 2535.0,
        "accuracy": 0.8323471400394478,
        "precision": 0.7951895043731778,
        "recall": 0.8834008097165992,
        "f1": 0.8369773686229383,
        "roc_auc": 0.9187318592338836,
        "log_loss": 0.36270260474561006
      },
      "2025__Unknown": {
        "count": 75.0,
        "accuracy": 0.68,
        "precision": 0.675,
        "recall": 0.7105263157894737,
        "f1": 0.6923076923076923,
        "roc_auc": 0.7261735419630158,
        "log_loss": 0.8094393785012184
      },
      "2026__Hard": {
        "count": 757.0,
        "accuracy": 0.7569352708058125,
        "precision": 0.601965601965602,
        "recall": 0.9176029962546817,
        "f1": 0.7270029673590505,
        "roc_auc": 0.8900749063670412,
        "log_loss": 0.5876500224969506
      },
      "2026__Unknown": {
        "count": 88.0,
        "accuracy": 0.5795454545454546,
        "precision": 0.5813953488372093,
        "recall": 0.5681818181818182,
        "f1": 0.5747126436781609,
        "roc_auc": 0.6332644628099173,
        "log_loss": 1.0550165026949339
      }
    }
  }
}
