{
  "split": {
    "holdout_year": 2026,
    "train_rows": 55939,
    "test_rows": 845
  },
  "overall": {
    "count": 845.0,
    "accuracy": 0.7822485207100591,
    "precision": 0.6420581655480985,
    "recall": 0.9228295819935691,
    "f1": 0.7572559366754618,
    "roc_auc": 0.8432746847790744,
    "log_loss": 0.7750627346520536
  },
  "segments": {
    "by_season": {
      "2026": {
        "count": 845.0,
        "accuracy": 0.7822485207100591,
        "precision": 0.6420581655480985,
        "recall": 0.9228295819935691,
        "f1": 0.7572559366754618,
        "roc_auc": 0.8432746847790744,
        "log_loss": 0.7750627346520536
      }
    },
    "by_surface": {
      "Hard": {
        "count": 757.0,
        "accuracy": 0.7820343461030383,
        "precision": 0.6294416243654822,
        "recall": 0.9288389513108615,
        "f1": 0.7503782148260212,
        "roc_auc": 0.8456737751280288,
        "log_loss": 0.8006343859145212
      },
      "Unknown": {
        "count": 88.0,
        "accuracy": 0.7840909090909091,
        "precision": 0.7358490566037735,
        "recall": 0.8863636363636364,
        "f1": 0.8041237113402062,
        "roc_auc": 0.8481404958677686,
        "log_loss": 0.5550884164055983
      }
    },
    "by_season_surface": {
      "2026__Hard": {
        "count": 757.0,
        "accuracy": 0.7820343461030383,
        "precision": 0.6294416243654822,
        "recall": 0.9288389513108615,
        "f1": 0.7503782148260212,
        "roc_auc": 0.8456737751280288,
        "log_loss": 0.8006343859145212
      },
      "2026__Unknown": {
        "count": 88.0,
        "accuracy": 0.7840909090909091,
        "precision": 0.7358490566037735,
        "recall": 0.8863636363636364,
        "f1": 0.8041237113402062,
        "roc_auc": 0.8481404958677686,
        "log_loss": 0.5550884164055983
      }
    }
  }
}
